{
    "projectTypes": {

        "excel_hello_world": {
            "displayname": "[New] Excel Hello World Add-in project",
            "manifestPath": "manifest.xml",
            "templates": {
                "manifestonly": {
                    "repository": ""
                }
            },
            "supportedHosts": [
                "Excel"
            ]
        },

        "word_hello_world": {
            "displayname": "[New] Word Hello World Add-in project",
            "manifestPath": "manifest.xml",
            "templates": {
                "manifestonly": {
                    "repository": ""
                }
            },
            "supportedHosts": [
                "Word"
            ]
        },

        "excel_sample": {
            "displayname": "[New] Excel Mail merge Add-in project",
            "manifestPath": "manifest.xml",
            "templates": {
                "manifestonly": {
                    "repository": ""
                }
            },
            "supportedHosts": [
                "Excel"
            ]
        },

        "word_sample": {
            "displayname": "[New] Word AI generated content Add-in project",
            "manifestPath": "manifest.xml",
            "templates": {
                "manifestonly": {
                    "repository": ""
                }
            },
            "supportedHosts": [
                "Word"
            ]
        },

        "taskpane": {
            "displayname": "Office Add-in Task Pane project",
            "manifestPath": "manifest.xml",
            "templates": {
                "javascript": {
                    "repository": "https://github.com/OfficeDev/Office-Addin-TaskPane-JS",
                    "branch": "yo-office",
                    "prerelease": "yo-office-prerelease"
                },
                "typescript": {
                    "repository": "https://github.com/OfficeDev/Office-Addin-TaskPane",
                    "branch": "yo-office",
                    "prerelease": "yo-office-prerelease"
                }
            },
            "supportedHosts": [
                    "Excel",
                    "Onenote",
                    "Outlook",
                    "Powerpoint",
                    "Project",
                    "Word"]
        },
        "react": {
            "displayname": "Office Add-in Task Pane project using React framework",
            "manifestPath": "manifest.xml",
            "templates": {
                "javascript": {
                    "repository": "https://github.com/OfficeDev/Office-Addin-TaskPane-React-JS",
                    "branch": "yo-office",
                    "prerelease": "yo-office-prerelease"
                },
                "typescript": {
                    "repository": "https://github.com/OfficeDev/Office-Addin-TaskPane-React",
                    "branch": "yo-office",
                    "prerelease": "yo-office-prerelease"
                }
            },
            "supportedHosts": [
                "Excel",
                "Onenote",
                "Outlook",
                "Powerpoint",
                "Project",
                "Word"
            ]
        },
        "excel-functions-shared": {
            "displayname": "Excel Custom Functions using a Shared Runtime",
            "manifestPath": "manifest.xml",
            "templates": {
                "javascript": {
                    "repository": "https://github.com/OfficeDev/Excel-Custom-Functions-JS",
                    "branch": "shared-runtime-yo-office",
                    "prerelease": "shared-runtime-yo-office-prerelease"
                },
                "typescript": {
                    "repository": "https://github.com/OfficeDev/Excel-Custom-Functions",
                    "branch": "shared-runtime-yo-office",
                    "prerelease": "shared-runtime-yo-office-prerelease"
                }
            },
            "supportedHosts": [
                "Excel"
            ]
        },
        "excel-functions": {
            "displayname": "Excel Custom Functions using a JavaScript-only Runtime",
            "manifestPath": "manifest.xml",
            "templates": {
                "javascript": {
                    "repository": "https://github.com/OfficeDev/Excel-Custom-Functions-JS",
                    "branch": "yo-office",
                    "prerelease": "yo-office-prerelease"
                },
                "typescript": {
                    "repository": "https://github.com/OfficeDev/Excel-Custom-Functions",
                    "branch": "yo-office",
                    "prerelease": "yo-office-prerelease"
                }
            },
            "supportedHosts": [
                "Excel"
            ]
        },
        "single-sign-on": {
            "displayname": "Office Add-in Task Pane project supporting single sign-on",
            "manifestPath": "manifest.xml",
            "templates": {
                "javascript": {
                    "repository": "https://github.com/OfficeDev/Office-Addin-TaskPane-SSO-JS",
                    "branch": "yo-office",
                    "prerelease": "yo-office-prerelease"
                },
                "typescript": {
                    "repository": "https://github.com/OfficeDev/Office-Addin-Taskpane-SSO",
                    "branch": "yo-office",
                    "prerelease": "yo-office-prerelease"
                }
            },
            "supportedHosts": [
                "Excel",
                "Outlook",
                "Powerpoint",
                "Word"
            ]
        },
        "unified-manifest": {
            "displayname": "Outlook Add-in with unified manifest for Microsoft 365 (preview)",
            "manifestPath": "manifest.json",
            "templates": {
                "typescript": {
                    "repository": "https://github.com/OfficeDev/Office-Addin-TaskPane",
                    "branch": "json-preview-yo-office",
                    "prerelease": "json-preview-yo-office-prerelease"
                }
            },
            "supportedHosts": [
                "Outlook"
            ]
        },
        "manifest": {
            "displayname": "Office Add-in project containing the manifest only",
            "manifestPath": "manifest.xml",
            "templates": {
                "manifestonly": {
                    "repository": ""
                }
            },
            "supportedHosts": [
                "Excel",
                "Onenote",
                "Outlook",
                "Powerpoint",
                "Project",
                "Word"
            ]
        }
    },
    "hostTypes": {
        "excel": {
            "displayname": "Excel"
        },
        "onenote": {
            "displayname": "OneNote"
        },
        "outlook": {
            "displayname": "Outlook"
        },
        "powerpoint": {
            "displayname": "PowerPoint"
        },
        "project": {
            "displayname": "Project"
        },
        "word": {
            "displayname": "Word"
        }
    },
    "sampleOptions": {
        "excel_sample": {
            "displayname": "Excel Sample Add-in"
        },
        "word_sample": {
            "displayname": "Word Sample Add-in"
        },
        "PowerPoint_sample": {
            "displayname": "PowerPoint Sample Add-in"
        }
    }
}